schedule,name,dea_number,narcotic,other_1,other_2,other_3,other_4,other_5,other_6
SCHEDULE I,1-(1-Phenylcyclohexyl)pyrrolidine,7458,N,PCPy,PHP,rolicyclidine,,,
SCHEDULE I,1-(2-Phenylethyl)-4-phenyl-4-acetoxypiperidine,9663,Y,PEPAP,synthetic heroin,,,,
SCHEDULE I,1-[1-(2-thienyl)cyclohexyl]piperidine,7470,N,tCP,tenocyclidine,,,,
SCHEDULE I,1-[1-(2-thienyl)cyclohexyl]pyrrolidine,7473,N,tCPy,,,,,
SCHEDULE I,1-Methyl-4-phenyl-4-propionoxypiperidine,9661,Y,MPPP,synthetic heroin,,,,
SCHEDULE I,"2,5-dimethoxy-4-(n)-propylthiophenethylamine",7348,N,2C-t-7,,,,,
SCHEDULE I,"2,5-dimethoxy-4-ethylamphetamine",7399,N,doEt,,,,,
SCHEDULE I,"2,5-dimethoxyamphetamine",7396,N,dMA,"2,5-dMA",,,,
SCHEDULE I,"2C-C (2-(4-Chloro-2,5-dimethoxyphenyl) ethanamine",7519,N,2C-C,synthetic hallucinogen,,,,
SCHEDULE I,"2C-D (2-(2,5-Dimethoxy-4-methylphenyl) ethanamine",7508,N,2C-D,synthetic hallucinogen,,,,
SCHEDULE I,2C-N (2-(2.5-Dimethoxy-4-nitro-phenyl) ethanamine,7521,N,2C-N,,,,,
SCHEDULE I,"2C-E (2-(2,5-Dimethoxy-4-ethylphenyl) ethanamine",7509,N,2C-D,synthetic hallucinogen,,,,
SCHEDULE I,"2C-H (2-(2,5-Dimethoxyphenyl) ethanamine",7517,N,2C-H,synthetic hallucinogen,,,,
SCHEDULE I,"2-(4-bromo-2,5-dimethoxyphenyl)-N-(2-methoxybenzyl) ethanamine (25B-NBOMe)",7536,N,25B-NBOMe,2C-B-NBOMe,25B,Cimbi-36,,
SCHEDULE I,"2-(4-chloro-2,5-dimethoxyphenyl)-N-(2-methoxybenzyl) ethanamine (25C-NBOMe)",7537,N,25C-NBOMe,2C-C-NBOMe,25C,Cimbi-82,,
SCHEDULE I,"2C-I (2-(4-iodo-2,5-dimethoxyphenyl) ethanamine)",7518,N,2C-I,synthetic hallucinogen,,,,
SCHEDULE I,"2C-P (2-(2,5-Dimethoxy-4-(n)-propylphenyl) ethanamine)",7524,N,2C-P,synthetic hallucinogen,,,,
SCHEDULE I,"2C-T-2 (2-(4-Ethylthio-2,5-dimethoxyphenyl) ethanamine)",7385,N,2C-T-2,synthetic hallucinogen,,,,
SCHEDULE I,"2C-T-4 (2-(4-Isopropylthio)-2,5-dimethoxyphenyl) ethanamine)",7532,N,2C-T-4,synthetic hallucinogen,,,,
SCHEDULE I,"2-(4-iodo-2,5-dimethoxyphenyl-N-(2-methoxybenzyl) ethanamine (25I-NBOMe)",7538,N,25I-NBOMe,2C-I-NBOMe,25I,Cimbi-5,,
SCHEDULE I,"3,4,5-trimethoxyamphetamine",7390,N,tMA,,,,,
SCHEDULE I,"3,4-Methylenedioxyamphetamine",7400,N,MdA,Love drug,,,,
SCHEDULE I,"3,4-Methylenedioxymethamphetamine",7405,N,MdMA,Ecstasy,XtC,,,
SCHEDULE I,"3,4-Methylenedioxy-n-ethylamphetamine",7404,N,n-ethyl MdA,MdE,MdEA,,,
SCHEDULE I,3-Fluoro-N-methylcathinone (3-FMC),1233,N,"1-3-fluorophenyl-2-(methylamino)propan-1-one),(Positional isomer: 2-FMC)",,,,,
SCHEDULE I,3-Methylfentanyl,9813,Y,China White,fentanyl,,,,
SCHEDULE I,3-Methylthiofentanyl,9833,Y,China White,fentanyl,,,,
SCHEDULE I,"4-Bromo-2,5-dimethoxyamphetamine",7391,N,doB,4-bromo-dMA,,,,
SCHEDULE I,"4-Bromo-2,5-dimethoxyphenethylamine",7392,N,nexus,2-CB,Ecstas,mdma,,
SCHEDULE I,4-Fluoro-N-methylcathinone (4-FMC),1238,N,flephedrone,1-(4-fluorophenyl)-2-(methylamino) propan-1-one) (Positional isomer: 2-FMC),,,,
SCHEDULE I,4-Methoxyamphetamine,7411,N,PMA,,,,,
SCHEDULE I,"4-Methyl-2,5-dimethoxyamphetamine",7395,N,doM,StP,,,,
SCHEDULE I,4-Methyl-alphapyrrolidinopropiophenone (4-MePPP),7498,N,MePPP,4-methl-a-pyrrolidinopropiophenone,1-(4-methylphenyl)-2-(pyrrolidin-1-yl)-propan-1-one),,,
SCHEDULE I,4-Methylaminorex (cis isomer),1590,N,U4Euh,Mcn-422,,,,
SCHEDULE I,4-Methyl-N-ethylcathinone (4-MEC),1249,N,2-(ethylamino)-1-(4-methylphenyl)propan-1-one),(Positional Isomers:3-methylethcathinone (3-MEC),4-ethylmethcathinone (4-EMC),4-methylbuphedrone (4-MeMABP;4-MeBP),"3,4-dimethylmethcathinone(3,4-DMMC),Nethylbuphedrone (NEB)","N-ethyl-Nmethylcathinone(EMC) 5-Methoxy-3,4-methylenedioxyamphetamine"
SCHEDULE I,"5-Flouro-UR-144, XLR11 [1-5-Fluoro-pentyI) 1H-indol-3-yI]",7011,N,5-Flouro-UR-144,XLR-11,XLR11,,,
SCHEDULE I,"(2,2,3,3-tetramethylcyclopropyl)methanone 5F-PB-22 (Quinolin-8-yl 1-(5-fluoropentyl)-1H-indol3-carboxylate)",7225,N,5-Fluoro-PB-22,5F-PB-22,,,,
SCHEDULE I,"5-Methoxy-n,n-diisopropyltryptamine",7439,N,5-Meo-diPt,,,,,
SCHEDULE I,5-Methoxy-N-N-dimethyltryptamine,7431,N,5-MeO-DMT (Positional Isomer: 4-Mthoxy -N,N-dimethyltryptamine (4-MeO-DMT),,,,
SCHEDULE I,AB-CHMINACA (N-(1-amino-3-methyl-1-oxobutan-2-yl)-1-(cyclohexylmethyl)-1H-indazole-3-carboxamide,7031,N,AB-CHMINACA,,,,,
SCHEDULE I,AB-FUBINACA (N-1-amino-3-methl-1-oxobutan-2-yl)-11-(4-fluorobenzy)-1H-indazole-3-carboxamide),7012,N,AB-FUBINACA,,,,,
SCHEDULE I,AB-PINACA (N-(1-amino-3-methyl-1-oxobutan -2-yl)1-pentyl-1H-indazole-3-carboxamide),7023,N,AB-PINACA,,,,,
SCHEDULE I,Acetorphine,9319,Y,,,,,,
SCHEDULE I,Acetyl Fentanyl (N-(1-phenethylpiperidin-4-yl)-Nphenylacetamide,9821,Y,,,,,,
SCHEDULE I,Acetyl-alpha-methylfentanyl,9815,Y,,,,,,
SCHEDULE I,Acetyldihydrocodeine,9051,Y,Acetylcodone,,,,,
SCHEDULE I,Acetylmethadol,9601,Y,Methadyl acetate,,,,,
SCHEDULE I,"ADB-PINACA (N-(1-amino-3,3-dimethy1-oxobutan-2-yl)-1-pentyl-1H-indazole-3-carboxamide)",7035,N,ADB-PINACA,,,,,
SCHEDULE I,"AH-7921 (3,4-dichloro-N-[(1-dimethylamino)cyclohexylmethy] benzamide",9551,Y,AH-7921,,,,,
SCHEDULE I,Alpha-Methylfentanyl,9814,Y,China White,fentanyl,,,,
SCHEDULE I,Alpha-Methylthiofentanyl,9832,Y,China White,fentanyl,,,,
SCHEDULE I,Alpha-methyltryptamine,7432,N,AMt,,,,,
SCHEDULE I,alpha-pyrrolidinobutiophenone (a-PBP),7546,N,1-phenyl-2-(pyrrolidin-1-yl)butan-1-one),,,,,
SCHEDULE I,alpha-pyrrolidinopentiophenone (aPVP),7545,N,a-pyrrolidinovalerophenone,1-phenyl-2-(pyrrolidin-1-yl)pentan-1-one)(Positional isomers: 4-methyl-a-pyrrolidinobutiophenone (4-MePBP),1-phenyl-2-(piperidin-1-yl)butan -1-one),,,
SCHEDULE I,AM-694 (1-(5-Fluoropentyl)-3-(2-iodobenzoyl) indole),7694,N,AM-694,synthetic marijuana,,,,
SCHEDULE I,AM-2201 (1-(5-Fluoropentyl)-3-(1-naphthoyl) indole),7201,N,AM-2201,synthetic marijuana,,,,
SCHEDULE I,Aminorex,1585,N,methamphetamine,,,,,
SCHEDULE I,Benzethidine,9606,Y,,,,,,
SCHEDULE I,Benzylmorphine,9052,Y,,,,,,
SCHEDULE I,Betacetylmethadol,9607,Y,,,,,,
SCHEDULE I,Beta-hydroxy-3-methylfentanyl,9831,Y,China White,fentanyl,,,,
SCHEDULE I,Beta-hydroxyfentanyl,9830,Y,China White,fentanyl,,,,
SCHEDULE I,Beta-hydroxythiofentanyl,9836,Y,N-[1-[2-hydroxy-2-(thiophen-2-yl) ethyl]piperidin-4yl]-N-phenylpropionamide,N-[1-[2-hydroxy-2-(2thienyl)ethl]-4-piperidinyl]-Nphenylpropanamide,,,,
SCHEDULE I,Betameprodine,9608,Y,,,,,,
SCHEDULE I,Betamethadol,9609,Y,,,,,,
SCHEDULE I,Betaprodine,9611,Y,,,,,,
SCHEDULE I,Bufotenine,7433,N,Mappine,"n,n-dimethylserotonin",,,,
SCHEDULE I,Butylone,7541,N,bk-MBDB,"1-(1,3-benzodioxol-5-yl)-2(methylamino)butan-1-one) (Positional isomers: ethylone (bk-MDEA: MDEC)",dimethylone (bkMDDMA,MDDMC)),,
SCHEDULE I,Butyryl Fentanyl,9822,Y,N-(1-phenethylpiperidin-4-yl)-N-phenylbutyramide,N-(1-phenethylpiperidin-4-yl)-N-,,,,
SCHEDULE I,Cathinone,1235,N,phenylbutanamide,Khat plant,,,,
SCHEDULE I,Clonitazene,9612,Y,,,,,,
SCHEDULE I,Codeine methylbromide,9070,Y,,,,,,
SCHEDULE I,Codeine-n-oxide,9053,Y,,,,,,
SCHEDULE I,"CP-47497 (5-(1,1-Dimethylheptyl)-2-[(1R,3S)-3-hydroxycyclohexyl-phenol)",7297,N,CP-47497,synthetic marijuana,,,,
SCHEDULE I,"CP-47497 C8-homolog (5-(1,1-Dimethyloctyl)-2-[(1R,3S)3hydroxycyclohexyl-phenol)",7298,N,CP-47497 C8-homolog,synthetic marijuana,,,,
SCHEDULE I,Cyprenorphine,9054,Y,,,,,,
SCHEDULE I,desomorphine,9055,Y,,,,,,
SCHEDULE I,dextromoramide,9613,Y,Palfium,Jetrium,narcolo,,,
SCHEDULE I,diampromide,9615,Y,,,,,,
SCHEDULE I,diethylthiambutene,9616,Y,,,,,,
SCHEDULE I,Allylprodine,9602,Y,,,,,,
SCHEDULE I,Alphacetylmethadol except levo-alphacetylmethadol,9603,Y,,,,,,
SCHEDULE I,Alpha-Ethyltryptamine,7249,N,ET,trip,,,,
SCHEDULE I,Alphameprodine,9604,Y,,,,,,
SCHEDULE I,Alphamethadol,9605,Y,,,,,,
SCHEDULE I,Alpha-Methylfentanyl,9814,Y,China White,fentanyl,,,,
SCHEDULE I,Alpha-Methylthiofentanyl,9832,Y,China White,fentanyl,,,,
SCHEDULE I,Alpha-methyltryptamine,7432,N,AMt,,,,,
SCHEDULE I,alpha-pyrrolidinobutiophenone (a-PBP),7546,N,1-phenyl-2-(pyrrolidin-1-yl)butan-1-one),,,,,
SCHEDULE I,alpha-pyrrolidinopentiophenone (aPVP),7545,N,a-pyrrolidinovalerophenone,1-phenyl-2-(pyrrolidin-1-yl)pentan-1-one)(Positional isomers: 4-methyl-a-pyrrolidinobutiophenone (4-MePBP),1-phenyl-2-(piperidin-1-yl)butan -1-one),,,
SCHEDULE I,AM-694 (1-(5-Fluoropentyl)-3-(2-iodobenzoyl) indole),7694,N,AM-694,synthetic marijuana,,,,
SCHEDULE I,AM-2201 (1-(5-Fluoropentyl)-3-(1-naphthoyl) indole),7201,N,AM-2201,synthetic marijuana,,,,
SCHEDULE I,Aminorex,1585,N,methamphetamine,,,,,
SCHEDULE I,Benzethidine,9606,Y,,,,,,
SCHEDULE I,Benzylmorphine,9052,Y,,,,,,
SCHEDULE I,Betacetylmethadol,9607,Y,,,,,,
SCHEDULE I,Beta-hydroxy-3-methylfentanyl,9831,Y,China White,fentanyl,,,,
SCHEDULE I,Beta-hydroxyfentanyl,9830,Y,China White,fentanyl,,,,
SCHEDULE I,Beta-hydroxythiofentanyl,9836,Y,N-[1-[2-hydroxy-2-(thiophen-2-yl) ethyl]piperidin-4yl]-N-phenylpropionamide,N-[1-[2-hydroxy-2-(2thienyl)ethl]-4-piperidinyl]-Nphenylpropanamide,,,,
SCHEDULE I,Betameprodine,9608,Y,,,,,,
SCHEDULE I,Betamethadol,9609,Y,,,,,,
SCHEDULE I,Betaprodine,9611,Y,,,,,,
SCHEDULE I,Bufotenine,7433,N,Mappine,"n,n-dimethylserotonin",,,,
SCHEDULE I,Butylone,7541,N,bk-MBDB,"1-(1,3-benzodioxol-5-yl)-2(methylamino)butan-1-one) (Positional isomers: ethylone (bk-MDEA: MDEC)",dimethylone (bkMDDMA,MDDMC)),,
SCHEDULE I,Butyryl Fentanyl,9822,Y,N-(1-phenethylpiperidin-4-yl)-N-phenylbutyramide,N-(1-phenethylpiperidin-4-yl)-Nphenylbutanamide,,,,
SCHEDULE I,Cathinone,1235,N,khat plant,,,,,
SCHEDULE I,Clonitazene,9612,Y,,,,,,
SCHEDULE I,Codeine methylbromide,9070,Y,,,,,,
SCHEDULE I,Codeine-n-oxide,9053,Y,,,,,,
SCHEDULE I,"CP-47497 (5-(1,1-Dimethylheptyl)-2-[(1R,3S)-3-hydroxycyclohexyl-phenol)",7297,N,CP-47497,synthetic marijuana,,,,
SCHEDULE I,"CP-47497 C8-homolog (5-(1,1-Dimethyloctyl)-2-[(1R,3S)3hydroxycyclohexyl-phenol)",7298,N,CP-47497 C8-homolog,synthetic marijuana,,,,
SCHEDULE I,Cyprenorphine,9054,Y,,,,,,
SCHEDULE I,desomorphine,9055,Y,,,,,,
SCHEDULE I,dextromoramide,9613,Y,Palfium,Jetrium,narcolo,,,
SCHEDULE I,diampromide,9615,Y,,,,,,
SCHEDULE I,diethylthiambutene,9616,Y,,,,,,
SCHEDULE I,diethyltryptamine,7434,N,dEt,,,,,
SCHEDULE I,difenoxin,9168,Y,Lyspafen,,,,,
SCHEDULE I,dihydromorphine,9145,Y,,,,,,
SCHEDULE I,dimenoxadol,9617,Y,,,,,,
SCHEDULE I,dimepheptanol,9618,Y,,,,,,
SCHEDULE I,dimethylthiambutene,9619,Y,,,,,,
SCHEDULE I,dimethyltryptamine,7435,N,dMt,,,,,
SCHEDULE I,dioxaphetyl butyrate,9621,Y,,,,,,
SCHEDULE I,dipipanone,9622,Y,dipipan,phenylpiperone HCl,diconal,Wellconal,,
SCHEDULE I,drotebanol,9335,Y,Metebanyl,oxymethebanol,,,,
SCHEDULE I,Ethylmethylthiambutene,9623,Y,,,,,,
SCHEDULE I,Etonitazene,9624,Y,,,,,,
SCHEDULE I,Etorphine (except HCl),9056,Y,,,,,,
SCHEDULE I,Etoxeridine,9625,Y,,,,,,
SCHEDULE I,Fenethylline,1503,N,Captagon,amfetyline,ethyltheophylline amphetamine,,,
SCHEDULE I,Furanyl fentanyl (N-(1-phenethylpiperidin-4-yl)N-phenylfuran-2-carboxamide),9834,Y,,,,,,
SCHEDULE I,Furethidine,9626,Y,,,,,,
SCHEDULE I,Gama Hydroxybutyric Acid,2010,N,GHB,gama hydroxybutyrate,sodium oxybate,,,
SCHEDULE I,Heroin,9200,Y,diacetylmorphine,diamorphine,,,,
SCHEDULE I,Hydromorphinol,9301,Y,,,,,,
SCHEDULE I,Hydroxypethidine,9627,Y,,,,,,
SCHEDULE I,ibogaine,7260,N,tabernanthe iboga,,,,,
SCHEDULE I,JWH-018 (known as AM-678) (1-Pentyl-3-(1-naphthoyl) indole),7118,N,JWH-018,AM-678,,,,
SCHEDULE I,JWH-073 (1-Butyl-3-(1-naphthoyl) indole),7173,N,JWH-073,,,,,
SCHEDULE I,JWH-019 (1-Hexyl-3-(1-naphthoyl) indole,7019,N,JWH-019,,,,,
SCHEDULE I,JWH-200 (1-[2-(4-Morpholinyl)ethyl]-3-(1-naphthoyl) indole),7200,N,JWH-200,,,,,
SCHEDULE I,JWH-250 (1-Pentyl-3-(2-methoxyphenylacetyl) indole),6250,N,JWH-250,,,,,
SCHEDULE I,JWH-081 (1-Pentyl-3-(1-(4-methoxynaphthoyl) indole),7081,N,JWH-081,,,,,
SCHEDULE I,JWH-122 (1-Pentyl-3-(4-methyl-1-naphthoyl) indole),7122,N,JWH-122,,,,,
SCHEDULE I,JWH-398 (1-Pentyl-3-(4-chloro-1-naphthoyl) indole),7398,N,JWH-398,,,,,
SCHEDULE I,JWH-203 (1-Pentyl-3-(2-chlorophenylacetyl) indole),7203,N,JWH-203,,,,,
SCHEDULE I,Ketobemidone,9628,Y,Cliradon,,,,,
SCHEDULE I,Levomoramide,9629,Y,,,,,,
SCHEDULE I,Levophenacylmorphan,9631,Y,,,,,,
SCHEDULE I,Lysergic acid diethylamide,7315,N,LSd,lysergide,,,,
SCHEDULE I,"MAB-CHMINACA (N-(1-amino-3,3dimethyl1-oxobutan-2-yl)-",7032,N,MAB-CHMINACA,ADB-CHMINACA,,,,
SCHEDULE I,1-(cyclohexylmethyl)-1H-indazole-3-carboxamide),-1,N,,,,,,
SCHEDULE I,Marijuana,7360,N,Cannabis,marijuana,,,,
SCHEDULE I,Marijuana Extract,7350,N,,,,,,
SCHEDULE I,"MDPV (3,4-Methylenedioxypyrovalerone)",7535,N,MDPV,bath salt,bath salt,,,
SCHEDULE I,Mecloqualone,2572,N,nubarene,,,,,
SCHEDULE I,Mephedrone (4-Methyl-N-methylcathinone),1248,N,Mephedrone,bath salt,bath salts,,,
SCHEDULE I,Mescaline,7381,N,Peyote,,,,,
SCHEDULE I,Methaqualone,2565,N,Quaalude,Parest,Somnafac,opitimil,Mandrax,
SCHEDULE I,Methcathinone,1237,N,n-Methylcathinone,cat,,,,
SCHEDULE I,Methyldesorphine,9302,Y,,,,,,
SCHEDULE I,Methyldihydromorphine,9304,Y,,,,,,
SCHEDULE I,Morpheridine,9632,Y,,,,,,
SCHEDULE I,Morphine methylbromide,9305,Y,,,,,,
SCHEDULE I,Morphine methylsulfonate,9306,Y,,,,,,
SCHEDULE I,Morphine-n-oxide,9307,Y,Myrophine,,,,,
SCHEDULE I,"n,n-dimethylamphetamine",1480,N,,,,,,
SCHEDULE I,Naphyrone,1258,N,naphthylpyrovalerone,1-(naphthalen-2-yl)-2(pyrrolidin-1-yl)pentan-1-one) (Positional Isomer:a-naphyrone),,,,
SCHEDULE I,n-Benzylpiperazine,7493,N,BZP,1-benzylpiperazine,,,,
SCHEDULE I,n-Ethyl-1-phenylcyclohexylamine,7455,N,PCE,,,,,
SCHEDULE I,n-Ethyl-3-piperidyl benzilate,7482,N,JB 323,,,,,
SCHEDULE I,n-Ethylamphetamine,1475,N,nEA,,,,,
SCHEDULE I,"n-Hydroxy-3,4-methylenedioxyamphetamine",7402,N,n-hydroxy MdA,,,,,
SCHEDULE I,nicocodeine,9309,Y,,,,,,
SCHEDULE I,nicomorphine,9312,Y,Vilan,,,,,
SCHEDULE I,n-Methyl-3-piperidyl benzilate,7484,N,JB 336,,,,,
SCHEDULE I,noracymethadol,9633,Y,,,,,,
SCHEDULE I,norlevorphanol,9634,Y,,,,,,
SCHEDULE I,normethadone,9635,Y,Phenyldimazone,,,,,
SCHEDULE I,normorphine,9313,Y,,,,,,
SCHEDULE I,norpipanone,9636,Y,,,,,,
SCHEDULE I,Para-Fluorofentanyl,9812,Y,China White,fentanyl,,,,
SCHEDULE I,Parahexyl,7374,N,"Synhexyl,",,,,,
SCHEDULE I,PB-22 (Quinolin-8-yl 1-pentyl-1H-dole-3-carboxylate),7222,N,QUPIC,PB-22,,,,
SCHEDULE I,Pentedrone (a-methylaminovalerophenone),1246,N,"2-(methylamino)-1-phenylpentan-1-one)(Postional Isomers:3-methylethcathinone (3-MEC),4-ethylmethcathinone (4-EMC)",4-methylbuphedrone (4-MeMABP;4-MeBP),"3,4-dimethylmethcathinone (3,4-DMMC)","N-ethylbuphedrone (NEB),N-ethyl-N-methylinone(EMC)",,
SCHEDULE I,Pentylone,7542,N,bk-MBDP,"1-(1,3-benzodioxol-5-yl)2-(methylamino)pentan-1-one) (Positional Isomer:dibutyllone (bk-DMBDB)",,,,
SCHEDULE I,Peyote,7415,N,mescaline,,,,,
SCHEDULE I,Phenadoxone,9637,Y,,,,,,
SCHEDULE I,Phenampromide,9638,Y,,,,,,
SCHEDULE I,Phenomorphan,9647,Y,,,,,,
SCHEDULE I,Phenoperidine,9641,Y,operidine,Lealgin,,,,
SCHEDULE I,Pholcodine,9314,Y,Copholco,Adaphol,Codisol,Lantuss,Pholcolin,
SCHEDULE I,Piritramide,9642,Y,Piridolan,,,,,
SCHEDULE I,Proheptazine,9643,Y,,,,,,
SCHEDULE I,Properidine,9644,Y,,,,,,
SCHEDULE I,Propiram,9649,Y,Algeril,,,,,
SCHEDULE I,Psilocybin,7438,N,Psilocin,Magic mushrooms,,,,
SCHEDULE I,Racemoramide,9645,Y,,,,,,
SCHEDULE I,SR-18,-1,N,RCS-8,,,,,
SCHEDULE I,(1-Cyclohexylethyl-3-(2-methoxyphenylacetyl) indole),7008,N,SR-18 & RCS-8,synthetic marijuana,,,,
SCHEDULE I,SR-19 (known as RCS-4)(1-Pentyl-3-[(4-methoxy)benzoyl] indole,7104,N,SR-19 & RCS-4,synthetic marijuana,,,,
SCHEDULE I,Tetrahydrocannabinols,7370,N,tHC,delta-8 tHC,delta-9 tHC,dronabinol,,
SCHEDULE I,Thebacon,9315,Y,Acetylhydrocodone,Acedicon,thebacetyl,,,
SCHEDULE I,Thiofentanyl,9835,Y,China white,fentanyl,,,,
SCHEDULE I,THJ-2201 [1-(5-fluoropentyl)-1H-indazol-3-yl] (naphthhalen-1-yl)methanone,7024,N,THJ-2201,,,,,
SCHEDULE I,Tilidine,9750,Y,tilidate,Valoron,Kitadol,Lak,tilsa,
SCHEDULE I,Trimeperidine,9646,Y,Promedolum,,,,,
SCHEDULE I,"U-47700 (3,4-dichloro-N-[2-dimethylamino) cyclohexyl]-N-methylbenzamide)",9547,Y,U-47700,,,,,
SCHEDULE I,"UR-144 (1-Pentyl-1H-indol-3-yl)(2,2,3,3-tetramethylcyclopropy)methanone",7144,N,UR-144,,,,,
SCHEDULE II,1-Phenylcyclohexylamine,7460,N,Precusor of PCP,,,,,
SCHEDULE II,1-Piperidinocyclohexanecarbonitrile,8603,N,PCC,precusor of PCP,,,,
SCHEDULE II,4-Anilino-N-phenethyl-4-piperidine,8333,N,ANPP,,,,,
SCHEDULE II,Alfentanil,9737,Y,Alfenta,,,,,
SCHEDULE II,Alphaprodine,9010,Y,Nisentil,,,,,
SCHEDULE II,Amobarbital,2125,N,Amytal,Tuinal,,,,
SCHEDULE II,Amphetamine,1100,N,Dexedrine,Adderall,Obetrol,,,
SCHEDULE II,Anileridine,9020,Y,Leritine,,,,,
SCHEDULE II,Benzoylecgonine,9180,Y,Cocaine metabolite,,,,,
SCHEDULE II,Bezitramide,9800,Y,Burgodin,,,,,
SCHEDULE II,Carfentanil,9743,Y,Wildnil,,,,,
SCHEDULE II,Coca Leaves,9040,Y,,,,,,
SCHEDULE II,Cocaine,9041,N,Methyl benzoylecgonine,Crack,,,,
SCHEDULE II,Codeine,9050,Y,Morphine methyl ester,methyl morphine,,,,
SCHEDULE II,"Dextropropoxyphene, bulk (non-dosage forms)",9273,Y,Propoxyphene,,,,,
SCHEDULE II,Dihydrocodeine,9120,Y,Didrate,Parzone,,,,
SCHEDULE II,Dihydroetorphine,9334,Y,DHE,,,,,
SCHEDULE II,Diphenoxylate,9170,Y,Diprenorphine,,,,,
SCHEDULE II,Ecgonine,9180,Y,Cocaine precursor,Coca leaves,,,,
SCHEDULE II,Ethylmorphine,9190,Y,Dionin,,,,,
SCHEDULE II,Etorphine,9059,Y,M 99,,,,,
SCHEDULE II,Fentanyl,9801,Y,Duragesic,Oralet,Actiq,Sublimaze,Innovar,
SCHEDULE II,Glutethimide,2550,N,Doriden,Dorimide,,,,
SCHEDULE II,Hydrocodone,9193,Y,dihydrocodeinone,,,,,
SCHEDULE II,Hydromorphone,9150,Y,Dilaudid,dihydromorphinone,,,,
SCHEDULE II,Isomethadone,9226,Y,Isoamidone,,,,,
SCHEDULE II,Levo-alphacetylmethadol,9648,Y,LAAM,long acting methadone,levomethadyl acetate,,,
SCHEDULE II,Levomethorphan,9210,Y,,,,,,
SCHEDULE II,Levorphanol,9220,Y,Levo-Dromoran,,,,,
SCHEDULE II,Lisdexamfetamine,1205,N,Vyvans,,,,,
SCHEDULE II,Meperidine,9230,Y,Demerol,Mepergan,pethidine,,,
SCHEDULE II,Meperidine intermediate-A,9232,Y,Meperidine precursor,,,,,
SCHEDULE II,Meperidine intermediate-B,9233,Y,Meperidine precursor,normeperidine,,,,
SCHEDULE II,Meperidine intermediate-C,9234,Y,Meperidine precursor,,,,,
SCHEDULE II,Metazocine,9240,Y,,,,,,
SCHEDULE II,Methadone,9250,Y,Dolophine,Methadose,Amidone,,,
SCHEDULE II,Methadone intermediate,9254,Y,Methadone precursor,,,,,
SCHEDULE II,Methamphetamine,1105,N,Desoxyn,D-desoxyephedrine,ICE,Crank,Speed,
SCHEDULE II,Methylphenidate,1724,N,Concerta,Ritalin,Methylin,,,
SCHEDULE II,Metopon,9260,Y,,,,,,
SCHEDULE II,Moramide-intermediate,9802,Y,,,,,,
SCHEDULE II,Morphine,9300,Y,MS Contin,Roxanol,Oramorph,RMS,MSIR,
SCHEDULE II,Nabilone,7379,N,Cesamet,,,,,
SCHEDULE II,Opium extracts,9610,Y,,,,,,
SCHEDULE II,Opium fluid extract,9620,Y,,,,,,
SCHEDULE II,Opium poppy,9650,Y,Papaver somniferum,,,,,
SCHEDULE II,Opium tincture,9630,Y,Laudanum,,,,,
SCHEDULE II,"Opium, granulated",9640,Y,Granulated opium,,,,,
SCHEDULE II,"Opium, powdered",9639,Y,Powdered Opium,,,,,
SCHEDULE II,"Opium, raw",9600,Y,Raw opium,gum opium,opium,,,
SCHEDULE II,Oripavine,9330,Y,,,,,,
SCHEDULE II,Oxycodone,9143,Y,OxyContin,Percocet,Endocet,Roxicodone,Roxicet,
SCHEDULE II,Oxymorphone,9652,Y,Numorphan,,,,,
SCHEDULE II,Pentobarbital,2270,N,Nembutal,,,,,
SCHEDULE II,Phenazocine,9715,Y,Narphen,Prinadol,,,,
SCHEDULE II,Phencyclidine,7471,N,PCP,Sernylan,,,,
SCHEDULE II,Phenmetrazine,1631,N,Preludin,,,,,
SCHEDULE II,Phenylacetone,8501,N,Piminodine,,,,,
SCHEDULE II,Poppy Straw,9650,Y,Opium poppy capsules,poppy heads,,,,
SCHEDULE II,Poppy Straw Concentrate,9670,Y,Concentrate of Poppy Straw,CPS,,,,
SCHEDULE II,Racemethorphan,9732,Y,,,,,,
SCHEDULE II,Racemorphan,9733,Y,Dromoran,,,,,
SCHEDULE II,Remifentanil,9739,Y,Ultiva,,,,,
SCHEDULE II,Secobarbital,2315,N,Seconal,Tuinal,,,,
SCHEDULE II,Sufentanil,9740,Y,Sufenta,,,,,
SCHEDULE II,Tapentadol,9780,Y,,,,,,
SCHEDULE II,Thebaine,9333,Y,Precursor of many narcotics,,,,,
SCHEDULE II,Thiafentanil,9729,Y,Thianil,,,,,
SCHEDULE III,13Beta-ethyl-17beta-hydroxygon-4-en-3-one,4000,N,,,,,,
SCHEDULE III,NA,4000,N,,,,,,
SCHEDULE III,"17Alpha-methyl-3beta,17beta-dihydroxy-5alphaandrostane",4000,N,,,,,,
SCHEDULE III,"17Alpha-methyl-3beta,17beta-dihydroxyandrost-4-ene",4000,N,,,,,,
SCHEDULE III,17Alpha-methyl-4-hydroxynandrolone (17alpha-methyl4-hydroxy-17beta-hydroxyestr-4-en-3-one),4000,N,17-Alpha-methyl-1-testosterone,,,,,
SCHEDULE III,17Alpha-methyl-delta1-dihydrotestosterone (17betahydroxy-17alpha-methyl-5alpha-androst-1-en-3-one),4000,N,,,,,,
SCHEDULE III,"19-Nor-4,9(10)-androstadienedione",4000,N,,,,,,
SCHEDULE III,"19-Nor-4-androstenedione (estr-4-en-3,17-dione) 4000 III N",4000,N,,,,,,
SCHEDULE III,"19-Nor-5-androstenediol (3beta,17beta-dihydroxyestr-5-ene, 3alpha,17beta-dihydroxyestr-5-ene)",4000,N,,,,,,
SCHEDULE III,"19-Nor-5-androstenedione (estr-5-en-3,17-dione)",4000,N,,,,,,
SCHEDULE III,"1-Androstenediol (3beta,17beta-dihydroxy-5alphaandrost1-ene, 3alpha,17beta-dihydroxy-5alphaandrost-1-ene)",4000,N,,,,,,
SCHEDULE III,"1-Androstenedione (5alpha-androst-1-en-3,17-dione)",4000,N,,,,,,
SCHEDULE III,"3Alpha,17beta-dihydroxy-5alpha-androstane",4000,N,,,,,,
SCHEDULE III,"3Beta,17beta-dihydroxy-5alpha-androstane",4000,N,,,,,,
SCHEDULE III,"4-Androstenediol (3beta,17beta-dihydroxy-androst-4-ene)",4000,N,4-AD,,,,,
SCHEDULE III,"4-Androstenedione (androst-4-en-3,17-dione)",4000,N,,,,,,
SCHEDULE III,4-Dihydrotestosterone (17beta-hydroxyandrostan-3-one),4000,N,Anabolex,Andractim,Pesomax,Stanolone,,
SCHEDULE III,"4-Hydroxy-19-nortestosterone (4,17beta-dihydroxyestr-4-en-3-one)",4000,N,,,,,,
SCHEDULE III,"4-Hydroxytestosterone (4,17beta-dihydroxyandrost-4-en-3-one)",4000,N,,,,,,
SCHEDULE III,"5-Androstenediol (3beta,17beta-dihydroxy-androst-5-ene)",4000,N,,,,,,
SCHEDULE III,"5-Androstenedione (androst-5-en-3,17-dione)",4000,N,,,,,,
SCHEDULE III,Amobarbital & noncontrolled active ingred.,2126,N,,,,,,
SCHEDULE III,Amobarbital suppository dosage form,2126,N,,,,,,
SCHEDULE III,Anabolic steroids,4000,N,Body Building drugs,,,,,
SCHEDULE III,"Androstanedione (5alpha-androstan-3,17-dione)",4000,N,,,,,,
SCHEDULE III,Aprobarbital,2100,N,Alurate,,,,,
SCHEDULE III,Barbituric acid derivative,2100,N,Barbiturates not specifically listed,,,,,
SCHEDULE III,Benzphetamine,1228,N,Didrex,Inapetyl,,,,
SCHEDULE III,"Bolasterone (7alpha,17alpha-dimethyl-17betahydroxyandrost-4-en-3-one)",4000,N,"Boldenone (17beta-hydroxyandrost-1,4-diene-3-one)",,,,,
SCHEDULE III,Boldione,4000,N,,,,,,
SCHEDULE III,Buprenorphine,9064,Y,Buprenex,Temgesic,Subutex,Suboxone,,
SCHEDULE III,Butabarbital,2100,N,Butisol,Butibel,secbutabarbital,,,
SCHEDULE III,Butalbital,2100,N,Fiorinal,Butalbital with aspirin,,,,
SCHEDULE III,Butobarbital,2100,N,butethal,Soneryl (UK),,,,
SCHEDULE III,"Calusterone (7beta,17alpha-dimethyl17betahydroxyandrost-4-en-3-one)",4000,N,Methosarb,,,,,
SCHEDULE III,Chlorhexadol,2510,N,Mechloral,Mecoral,Medodorm,Chloralodol,,
SCHEDULE III,Chlorphentermine,1645,N,Pre-Sate,Lucofen,Apsedon,Desopimon,,
SCHEDULE III,Clortermine,1647,N,Voranil,,,,,
SCHEDULE III,Clostebol (4-chloro-17beta-hydroxyandrost-4-en-3-one),4000,N,Alfa-Trofodermin,Clostene,4-chlorotestosterone,,,
SCHEDULE III,Codeine & isoquinoline alkaloid 90 mg/du,9803,Y,Codeine with papaverine or noscapine,,,,,
SCHEDULE III,Codeine combination product 90 mg/du,9804,Y,"Empirin,Fiorinal,Tylenol,ASA with codeine",APAP with codeine,,,,
SCHEDULE III,"Dehydrochloromethyltestosterone (4-chloro-17betahydroxy17alpha-methylandrost-1,4-dien-3-one)",4000,N,Oral-Turinabol,,,,,
SCHEDULE III,Delta1-dihydrotestosterone (17beta-hydroxy5alphaandrost-1-en-3-one),4000,N,1-Testosterone,,,,,
SCHEDULE III,Desoxymethyltestosterone,4000,N,,,,,,
SCHEDULE III,Dihydrocodeine combination product 90 mg/du,9807,Y,Synalgos-DC,Compal,,,,
SCHEDULE III,Dronabinol,7369,N,Marinol,synthetic THC,,,,
SCHEDULE III,Drostanolone (17beta-hydroxy-2alpha-methyl5alphaandrostan-3-one),4000,N,Drolban,Masterid,Permastril,,,
SCHEDULE III,Embutramide,2020,N,Tributane,,,,,
SCHEDULE III,Ethylestrenol (17alpha-ethyl-17beta-hydroxyestr-4-ene),4000,N,Maxibolin,Orabolin,Durabolin-O,Duraboral,,
SCHEDULE III,Ethylmorphine combination product 15 mg/du,9808,Y,,,,,,
SCHEDULE III,"Fluoxymesterone (9-fluoro-17alpha-methyl-11beta, 17beta-dihydroxyandrost-4-en-3-one)",4000,N,Anadroid-F,Halotestin,Ora-Testryl,,,
SCHEDULE III,"Formebolone (2-formyl-17alpha-methyl-11alpha, 17beta-dihydroxyandrost-1,4-dien-3-one)",4000,N,Esiclene,Hubernol,,,,
SCHEDULE III,"Furazabol (17alpha-methyl17betahydroxyandrostano[2,3-c]-furazan)",4000,N,Frazalon,Miotolon,Qu Zhi Shu,,,
SCHEDULE III,Gamma Hydroxybutyric Acid preparations,2012,N,Xyrem,,,,,
SCHEDULE III,Hydrocodone & isoquinoline alkaloid <15 mg/du,9805,Y,Dihydrocodeinone+papaverine,noscapine,,,,
SCHEDULE III,Hydrocodone combination product <15 mg/du,9806,Y,Lorcet,"Lortab,Vicodin,Vicoprofen,Tussionex",Norco,,,
SCHEDULE III,Ketamine,7285,N,Ketaset,Ketalar,Special K,K,,
SCHEDULE III,Lysergic acid,7300,N,LSD precursor,,,,,
SCHEDULE III,Lysergic acid amide,7310,N,LSD precursor,,,,,
SCHEDULE III,Mestanolone (17alpha-methyl-17beta-hydroxy5alphaandrostan-3-one),4000,N,Assimil,Ermalone,Methybol,Tantarone,,
SCHEDULE III,Mesterolone (1alpha-methyl17beta-hydroxy-5alphaandrostan-3-one),4000,N,Androviron,Proviron,Testiwop,,,
SCHEDULE III,"Methandienone (17alpha-methyl17betahydroxyandrost-1, 4-diene-3-one)",4000,N,Dianabol,Metabolina,Nerobol,Perbolin,,
SCHEDULE III,"Methandriol (17alpha-methyl-3beta, 17betadihydroxyandrost-5-ene)",4000,N,Sinesex,Stenediol,Troformone,,,
SCHEDULE III,"Methasterone (2alpha,17alpha-dimethyl-5alpha-androstan-17beta-ol-3-one)",4000,N,Methasterone,,,,,
SCHEDULE III,Methenolone (1-methyl-17beta-hydroxy-5alpha-androst1-en-3-one),4000,N,Primobolan,Primobolan Depot,Primobolan S,,,
SCHEDULE III,"Methyldienolone (17alpha-methyl17beta-hydroxyestr-4,9(10)-dien-3-one)",4000,N,,,,,,
SCHEDULE III,Methyltestosterone (17alpha-methyl17betahydroxyandrost-4-en-3-one),4000,N,Android,Oreton,Testred,Virilon,,
SCHEDULE III,"Methyltrienolone (17alpha-methyl-17betahydroxyestr-4,9,11-trien-3-one)",4000,N,Metribolone,,,,,
SCHEDULE III,Methyprylon,2575,N,Noludar,,,,,
SCHEDULE III,"Mibolerone (7alpha,17alpha-dimethyl17betahydroxyestr-4-en-3-one)",4000,N,Cheque,Matenon,,,,
SCHEDULE III,Morphine combination product/50 mg/100 ml or gm,9810,Y,,,,,,
SCHEDULE III,Nalorphine,9400,Y,Nalline,,,,,
SCHEDULE III,Nandrolone (17beta-hydroxyestr-4-en-3-one),4000,N,Deca-Durabolin,Durabolin,Durabolin-50,,,
SCHEDULE III,"Norbolethone (13beta,17alpha-diethyl17betahydroxygon-4-en-3-one)",4000,N,Genabol,,,,,
SCHEDULE III,Norclostebol (4-chloro-17beta-hydroxyestr-4-en-3-one),4000,N,Anabol-4-19,Lentabol,,,,
SCHEDULE III,Norethandrolone (17alpha-ethyl17beta-hydroxyestr-4-en-3-one),4000,N,Nilevar,Pronabol,Solevar,,,
SCHEDULE III,Normethandrolone (17alpha-methyl17betahydroxyestr-4-en-3-one),4000,N,Lutenin,Matronal,Orgasteron,,,
SCHEDULE III,Opium combination product 25 mg/du,9809,Y,Paregoric,,,,,
SCHEDULE III,Oxandrolone (17alpha-methyl17beta-hydroxy-2-oxa-5alpha-androstan-3-one),4000,N,Anavar,Lonavar,Oxandrin,Provitar,Vasorome,
SCHEDULE III,"Oxymesterone (17alpha-methyl-4, 17betadihydroxyandrost-4-en-3-one)",4000,N,Anamidol,Balnimax,Oranabol,Oranabol 10,,
SCHEDULE III,Oxymetholone (17alpha-methyl-2-hydroxymethylene17beta-hydroxy-5alpha-androstan-3-one),4000,N,Anadrol-50,Adroyd,Anapolon,Anasteron,Pardroyd,
SCHEDULE III,Pentobarbital,2271,N,FP-3,,,,,
SCHEDULE III,Pentobarbital,2271,N,WANS,,,,,
SCHEDULE III,Perampanel,2261,N,Fycompa,"[2-2oxo-l-phenyl-5-pyridin-2-yl-l,2-dihydropyridin-3-yl) benzonitrile]",,,,
SCHEDULE III,Phendimetrazine,1615,N,Plegine,Prelu-2,Bontril,Melfiat,Statobex,
SCHEDULE III,"Prostanozol (17beta-hydroxy-5alpha-androstano[3,2-c]pyrazole)",4000,N,Prostanozol,,,,,
SCHEDULE III,Secobarbital,2316,N,,,,,,
SCHEDULE III,Secobarbital suppository,2316,N,,,,,,
SCHEDULE III,"Stanozolol (17alpha-methyl-17beta-hydroxy-5alpha-androst2-eno[3,2-c]-pyrazole)",4000,N,Winstrol,Winstrol-V,Stanozolol,,,
SCHEDULE III,"Stanozolol (17alpha-methyl-17beta-hydroxy5alphaandrost-2-eno[3,2-c]-pyrazole)",4000,N,N Winstrol,Winstrol-V,Stanozolol,,,
SCHEDULE III,Stenbolone (17beta-hydroxy-2-methyl5alpha-androst-1-en-3-one),4000,N,Stenbolone,,,,,
SCHEDULE III,Stimulant compounds previously excepted,1405,N,Mediatric,,,,,
SCHEDULE III,Sulfondiethylmethane,2600,N,,,,,,
SCHEDULE III,Sulfonethylmethane,2605,N,,,,,,
SCHEDULE III,Sulfonmethane,2610,N,,,,,,
SCHEDULE III,Talbutal,2100,N,Lotusate,,,,,
SCHEDULE III,"Testolactone (13-hydroxy-3-oxo-13,17-secoandrosta-1,4-dien-17-oic acid lactone)",4000,N,Teolit,Teslac,,,,
SCHEDULE III,Testosterone (17beta-hydroxyandrost-4-en-3-one),4000,N,Android-T,Androlan,Depotest,Delatestryl,Testosterone,
SCHEDULE III,"Tetrahydrogestrinone (13beta,17alpha-diethyl17betahydroxygon-4,9,11-trien-3-one)",4000,N,THG,,,,,
SCHEDULE III,Thiamylal,2100,N,Surital,,,,,
SCHEDULE III,Thiopental,2100,N,Pentothal,,,,,
SCHEDULE III,Tiletamine & Zolazepam,7295,N,Telazol,,,,,
SCHEDULE III,"Trenbolone (17beta-hydroxyestr-4,9,11-trien-3-one)",4000,N,Finaplix-S,Finajet,Parabolan,,,
SCHEDULE III,Vinbarbital,2100,N,Delvinal,vinbarbitone,,,,
SCHEDULE IV,Alfaxalone,2731,N,Alfaxan,"5a-pregnan-3a-ol-11,20-dione",,,,
SCHEDULE IV,Alprazolam,2882,N,Xanax,,,,,
SCHEDULE IV,Barbital,2145,N,Veronal,Plexonal,barbitone,,,
SCHEDULE IV,Bromazepam,2748,N,Lexotan,Lexatin,Lexotanil,,,
SCHEDULE IV,Butorphanol,9720,N,Stadol,Stadol NS,Torbugesic,Torbutrol,,
SCHEDULE IV,Camazepam,2749,N,Albego,Limpidon,Paxor,,,
SCHEDULE IV,Carisoprodol,8192,N,Soma,,,,,
SCHEDULE IV,Cathine,1230,N,Khat,norpseudoephedrine,,,,
SCHEDULE IV,Chloral betaine,2460,N,Beta Chlor,,,,,
SCHEDULE IV,Chloral hydrate,2465,N,Noctec,,,,,
SCHEDULE IV,Chlordiazepoxide,2744,N,Librium,Libritabs,Limbitrol,SK-Lygen,,
SCHEDULE IV,Clobazam,2751,N,Urbadan,Urbanyl,,,,
SCHEDULE IV,Clonazepam,2737,N,Klonopin,Clonopin,,,,
SCHEDULE IV,Clorazepate,2768,N,Tranxene,,,,,
SCHEDULE IV,Clotiazepam,2752,N,Trecalmo,Rize,Clozan,Veratran,,
SCHEDULE IV,Cloxazolam,2753,N,Akton,Lubalix,Olcadil,Sepazon,,
SCHEDULE IV,Delorazepam,2754,N,,,,,,
SCHEDULE IV,Dexfenfluramine,1670,N,Redux,,,,,
SCHEDULE IV,Dextropropoxyphene dosage forms,9278,Y,Darvon,propoxyphene,Darvocet,Propacet,,
SCHEDULE IV,Diazepam,2765,N,Valium,Diastat,,,,
SCHEDULE IV,Dichloralphenazone,2467,N,Midrin,dichloralantipyrine,,,,
SCHEDULE IV,Diethylpropion,1610,N,Tenuate,Tepanil,,,,
SCHEDULE IV,Difenoxin 1 mg/25 ug AtSO4/du,9167,Y,Motofen,Difenoxin,,,,
SCHEDULE IV,Eluxadoline,9725,N,VIBERZI,,,,,
SCHEDULE IV,Estazolam,2756,N,ProSom,Domnamid,Eurodin,Nuctalon,,
SCHEDULE IV,Ethchlorvynol,2540,N,Placidyl,,,,,
SCHEDULE IV,Ethinamate,2545,N,Valmid,Valamin,,,,
SCHEDULE IV,Ethyl loflazepate,2758,N,,,,,,
SCHEDULE IV,Fencamfamin,1760,N,Reactivan,,,,,
SCHEDULE IV,Fenfluramine,1670,N,Pondimin,Ponderal,,,,
SCHEDULE IV,Fenproporex,1575,N,Gacilin,Solvolip,,,,
SCHEDULE IV,Fludiazepam,2759,N,,,,,,
SCHEDULE IV,Flunitrazepam,2763,N,Rohypnol,Narcozep,Darkene,Roipnol,,
SCHEDULE IV,Flurazepam,2767,N,Dalmane,,,,,
SCHEDULE IV,Fospropofol,2138,N,Lusedra,,,,,
SCHEDULE IV,Halazepam,2762,N,Paxipam,,,,,
SCHEDULE IV,Haloxazolam,2771,N,,,,,,
SCHEDULE IV,Ketazolam,2772,N,Anxon,Loftran,Solatran,Contamex,,
SCHEDULE IV,Loprazolam,2773,N,,,,,,
SCHEDULE IV,Lorazepam,2885,N,Ativan,,,,,
SCHEDULE IV,Lorcaserin,1625,N,Belviq,,,,,
SCHEDULE IV,Lormetazepam,2774,N,Noctamid,,,,,
SCHEDULE IV,Mazindol,1605,N,Sanorex,Mazanor,,,,
SCHEDULE IV,Mebutamate,2800,N,Capla,,,,,
SCHEDULE IV,Medazepam,2836,N,Nobrium,,,,,
SCHEDULE IV,Mefenorex,1580,N,Anorexic,Amexate,Doracil,Pondinil,,
SCHEDULE IV,Meprobamate,2820,N,Miltown,Equanil,Deprol,Equagesic,Meprospan,
SCHEDULE IV,Methohexital,2264,N,Brevital,,,,,
SCHEDULE IV,Methylphenobarbital,2250,N,Mebaral,mephobarbital,,,,
SCHEDULE IV,Midazolam,2884,N,Versed,,,,,
SCHEDULE IV,Modafinil,1680,N,Provigil,,,,,
SCHEDULE IV,Nimetazepam,2837,N,Erimin,,,,,
SCHEDULE IV,Nitrazepam,2834,N,Mogadon,,,,,
SCHEDULE IV,Nordiazepam,2838,N,Nordazepam,Demadar,Madar,,,
SCHEDULE IV,Oxazepam,2835,N,Serax,Serenid-D,,,,
SCHEDULE IV,Oxazolam,2839,N,Serenal,Convertal,,,,
SCHEDULE IV,Paraldehyde,2585,N,Paral,,,,,
SCHEDULE IV,Pemoline,1530,N,Cylert,,,,,
SCHEDULE IV,Pentazocine,9709,N,Talwin,Talwin NX,Talacen,TalwinCompound,,
SCHEDULE IV,Petrichloral,2591,N,Pentaerythritol chloral,Periclor,,,,
SCHEDULE IV,Phenobarbital,2285,N,Luminal,Donnatal,Bellergal-S,,,
SCHEDULE IV,Phentermine,1640,N,Ionamin,Fastin,Adipex-P,Obe-Nix,Zantryl,
SCHEDULE IV,Pinazepam,2883,N,Domar,,,,,
SCHEDULE IV,Pipradrol,1750,N,Detaril,Stimolag Fortis,,,,
SCHEDULE IV,Prazepam,2764,N,Centrax,,,,,
SCHEDULE IV,Quazepam,2881,N,Doral,,,,,
SCHEDULE IV,Sibutramine,1675,N,Meridia,,,,,
SCHEDULE IV,SPA,1635,N,"1-dimethylamino-1,2-diphenylethane",Lefetamine,,,,
SCHEDULE IV,Suvorexant,2223,N,MK-4305,"[(7R)-4-(5-chloro-1,3-benzoxazol-2-yl)-7methyl-1,4-diazepan-1-yl][5-methyl-2-(2H-1,2,3-triazol2-yl)phenyl]methanone",,,,
SCHEDULE IV,Temazepam,2925,N,Restoril,,,,,
SCHEDULE IV,Tetrazepam,2886,N,Myolastan,Musaril,,,,
SCHEDULE IV,Tramadol (2-[dimethylamino)methyl]-1-(3-methoxyphenyl)cyclohexanol),9752,N,Tramadol,,,,,
SCHEDULE IV,Triazolam,2887,N,Halcion,,,,,
SCHEDULE IV,Zaleplon,2781,N,Sonata,,,,,
SCHEDULE IV,Zolpidem,2783,N,Ambien,Ivadal,Stilnoct,Stilnox,,
SCHEDULE IV,Zopiclone,2784,N,Lunesta,,,,,
SCHEDULE V,Brivaracetam,2710,N,BRV,UCB-34714,Briviact,((2S)-2-[4R)-2-oxo-4-propylpyrrolidin-1-yl] butanamide),,
SCHEDULE V,Codeine preparations - 200 mg/100 ml or 100 gm,-1,Y,"Cosanyl,Robitussin AC",Cheracol,Cerose,Pediacof,,
SCHEDULE V,Difenoxin preparations - 0.5 mg/25 ug AtSO4/du,-1,Y,Motofen,,,,,
SCHEDULE V,Dihydrocodeine preparations 10 mg/100 ml or 100 gm,-1,Y,Cophene-S,,,,,
SCHEDULE V,Diphenoxylate preparations 2.5 mg/25 ug AtSO4,-1,Y,Lomotil,Logen,,,,
SCHEDULE V,Ethylmorphine preparations 100 mg/100 ml or 100 gm,-1,Y,,,,,,
SCHEDULE V,Ezogabine,2779,N,Potiga,,,,,
SCHEDULE V,Lacosamide,2746,N,Vimpat,,,,,
SCHEDULE V,Opium preparations - 100 mg/100 ml or gm,-1,Y,Parepectolin,Kapectolin PG,Kaolin Pectin P.G.,,,
SCHEDULE V,Pregabalin,2782,N,Lyrica,,,,,
SCHEDULE V,Pyrovalerone,1485,N,Centroton,Thymergix,,,,
